-- Población de la DATA - TABLA: CARGOS
SELECT *FROM CARGOS;
DESCRIBE CARGOS;

INSERT INTO CARGOS (IDCARGO,DESCARGO) VALUES (1,'Representante de Ventas');
INSERT INTO CARGOS (IDCARGO,DESCARGO) VALUES (2,'Ejecutivo de Ventas');
INSERT INTO CARGOS (IDCARGO,DESCARGO) VALUES (3,'Supervisor de Ventas');
INSERT INTO CARGOS (IDCARGO,DESCARGO) VALUES (4,'Auxiliar de Ventas');


-- Población de la DATA - TABLA: CATEGORIAS
SELECT *FROM CATEGORIAS;
DESCRIBE CATEGORIAS;

INSERT INTO CATEGORIAS (IDCATEGORIA,NOMBRECATEGORIA,DESCRIPCION) VALUES 
(1	,'Bebidas',	'Gaseosas, cafe, te, cervezas y maltas');
INSERT INTO CATEGORIAS (IDCATEGORIA,NOMBRECATEGORIA,DESCRIPCION) VALUES 
(2	,'Condimentos',	'Salsas dulces y picantes, delicias, comida para untar y aderezos');
INSERT INTO CATEGORIAS (IDCATEGORIA,NOMBRECATEGORIA,DESCRIPCION) VALUES 
(3	,'Reposteria',	'Postres, dulces y pan dulce');
INSERT INTO CATEGORIAS (IDCATEGORIA,NOMBRECATEGORIA,DESCRIPCION) VALUES 
(4	,'Lacteos',	'Quesos');
INSERT INTO CATEGORIAS (IDCATEGORIA,NOMBRECATEGORIA,DESCRIPCION) VALUES 
(5	,'Granos/Cereales',	'Pan, galletas, pasta y cereales');
INSERT INTO CATEGORIAS (IDCATEGORIA,NOMBRECATEGORIA,DESCRIPCION) VALUES 
(6	,'Carnes',	'Carnes preparadas');
INSERT INTO CATEGORIAS (IDCATEGORIA,NOMBRECATEGORIA,DESCRIPCION) VALUES 
(7	,'Frutas/Verduras',	'Frutas secas y queso de soja');
INSERT INTO CATEGORIAS (IDCATEGORIA,NOMBRECATEGORIA,DESCRIPCION) VALUES 
(8	,'Pescado/Marisco',	'Pescados, mariscos y algas');

-- Población de la DATA - TABLA: CLIENTES
SELECT *FROM CLIENTES;
DESCRIBE CLIENTES;

INSERT INTO CLIENTES (IDCLIENTE,NOMCLIENTE,DIRCLIENTE,IDPAIS,FONOCLIENTE,LINEACREDI) VALUES
('DIEAN','Diego Joseph Anazco Bolivar','Urb.Daniel Alcides Carrion','001','999935341','10000');
INSERT INTO CLIENTES (IDCLIENTE,NOMCLIENTE,DIRCLIENTE,IDPAIS,FONOCLIENTE,LINEACREDI) VALUES
('JEAAN','Jean Manuel Anazco Bolivar','Jr.9 de Octubre 113','001','979124246','15000');
INSERT INTO CLIENTES (IDCLIENTE,NOMCLIENTE,DIRCLIENTE,IDPAIS,FONOCLIENTE,LINEACREDI) VALUES
('FIOAN','Fiorella Elizabeth Anazco Bolivar','Frente al Complejo Deportivo','009','972854273','10000');
INSERT INTO CLIENTES (IDCLIENTE,NOMCLIENTE,DIRCLIENTE,IDPAIS,FONOCLIENTE,LINEACREDI) VALUES
('LUIFL','Luis Gonzalo Flores Rodriguez','Alto Selva Alegre','009','950831544','15000');
INSERT INTO CLIENTES (IDCLIENTE,NOMCLIENTE,DIRCLIENTE,IDPAIS,FONOCLIENTE,LINEACREDI) VALUES
('MARPI','Maria Luisa Pinto Garcia','Jose Luis Bustamante y Rivero','002','961555956','25000');
INSERT INTO CLIENTES (IDCLIENTE,NOMCLIENTE,DIRCLIENTE,IDPAIS,FONOCLIENTE,LINEACREDI) VALUES
('DIAVA','Diana Naomi Valencia Loayza','Urb.El Dorado','002','959562977','25000');
INSERT INTO CLIENTES (IDCLIENTE,NOMCLIENTE,DIRCLIENTE,IDPAIS,FONOCLIENTE,LINEACREDI) VALUES
('PAOVA','Paola Mariana Valencia Loayza','Urb. Las Peñas','008','982863510','10000');
INSERT INTO CLIENTES (IDCLIENTE,NOMCLIENTE,DIRCLIENTE,IDPAIS,FONOCLIENTE,LINEACREDI) VALUES
('MIGLE','Miguel Rolando Letona Maricahua','San Juan de Miraflores','008','987947465','10000');
INSERT INTO CLIENTES (IDCLIENTE,NOMCLIENTE,DIRCLIENTE,IDPAIS,FONOCLIENTE,LINEACREDI) VALUES
('DANLE','Jose Daniel Letona Maricahua','San Isidro Lima','003','922644101','15000');
INSERT INTO CLIENTES (IDCLIENTE,NOMCLIENTE,DIRCLIENTE,IDPAIS,FONOCLIENTE,LINEACREDI) VALUES
('RENDI','Renzo Mauricio Dianderas Quintanilla','Pampa de Camarones','003','915431188','15000');
INSERT INTO CLIENTES (IDCLIENTE,NOMCLIENTE,DIRCLIENTE,IDPAIS,FONOCLIENTE,LINEACREDI) VALUES
('SILRU','Angelo Silver Ruelas Vera','Cruz Verde Cercado','007','986493328','18000');
INSERT INTO CLIENTES (IDCLIENTE,NOMCLIENTE,DIRCLIENTE,IDPAIS,FONOCLIENTE,LINEACREDI) VALUES
('CARAL','Carlos Alberto Alpaca Zuniga','Las America Cerro Colorado','007','918840971','18000');
INSERT INTO CLIENTES (IDCLIENTE,NOMCLIENTE,DIRCLIENTE,IDPAIS,FONOCLIENTE,LINEACREDI) VALUES
('FABGO','Fabiana del Rosario Gomez Durand','Urb. Los Angeles','004','941139672','35000');
INSERT INTO CLIENTES (IDCLIENTE,NOMCLIENTE,DIRCLIENTE,IDPAIS,FONOCLIENTE,LINEACREDI) VALUES
('ORIMA','Oriana de Jesus Mantilla Gonzales','Cerro Colorado Jugueteria','004','943419628','16000');
INSERT INTO CLIENTES (IDCLIENTE,NOMCLIENTE,DIRCLIENTE,IDPAIS,FONOCLIENTE,LINEACREDI) VALUES
('EUGNE','Eugenio David Neyra Corrales','Av.San Jose Caryma','006','913997258','10000');

-- Población de la DATA - TABLA: DISTRITOS
SELECT *FROM DISTRITOS;
DESCRIBE DISTRITOS;

INSERT INTO DISTRITOS (IDDISTRITO,NOMDISTRITO) VALUES (1,'Sachaca');
INSERT INTO DISTRITOS (IDDISTRITO,NOMDISTRITO) VALUES (2,'Jacobo Hunter');
INSERT INTO DISTRITOS (IDDISTRITO,NOMDISTRITO) VALUES (3,'Cerro Colorado');
INSERT INTO DISTRITOS (IDDISTRITO,NOMDISTRITO) VALUES (4,'Cayma');
INSERT INTO DISTRITOS (IDDISTRITO,NOMDISTRITO) VALUES (5,'Yanahuara');

-- Población de la DATA - TABLA: EMPLEADOS
SELECT *FROM EMPLEADOS;
DESCRIBE EMPLEADOS;

INSERT INTO EMPLEADOS (IDEMPLEADO,APEEMPLEADO,NOMEMPLEADO,FECNAC,DIREEMPLEADO,IDDISTRITO,FONOEMPLEADO,IDCARGO,FECCONTRATA,SALARY) VALUES
(1,'Zabala','Julian',to_date('08/12/68','DD/MM/RR'),'Socabaya Complejo Deportivo',2,'940718329',1,to_date('08/12/68','DD/MM/RR'),1200.75);
INSERT INTO EMPLEADOS (IDEMPLEADO,APEEMPLEADO,NOMEMPLEADO,FECNAC,DIREEMPLEADO,IDDISTRITO,FONOEMPLEADO,IDCARGO,FECCONTRATA,SALARY) VALUES
(2,'Juarez','Josue',to_date('06/11/92','DD/MM/RR'),'Urb. El Dorado F-6',2,'996604655',1,to_date('12/01/10','DD/MM/RR'),1600.15);
INSERT INTO EMPLEADOS (IDEMPLEADO,APEEMPLEADO,NOMEMPLEADO,FECNAC,DIREEMPLEADO,IDDISTRITO,FONOEMPLEADO,IDCARGO,FECCONTRATA,SALARY) VALUES
(3,'Juarez','Manuel',to_date('16/02/90','DD/MM/RR'),'Urb. El Dorado F-18',1,'938713329',2,to_date('13/02/11','DD/MM/RR'),2500.05);
INSERT INTO EMPLEADOS (IDEMPLEADO,APEEMPLEADO,NOMEMPLEADO,FECNAC,DIREEMPLEADO,IDDISTRITO,FONOEMPLEADO,IDCARGO,FECCONTRATA,SALARY) VALUES
(4,'Ojeda','Renato',to_date('08/12/89','DD/MM/RR'),'Cerro Juli - Jardin Cerveza',1,'953668800',2,to_date('30/12/10','DD/MM/RR'),1800.55);
INSERT INTO EMPLEADOS (IDEMPLEADO,APEEMPLEADO,NOMEMPLEADO,FECNAC,DIREEMPLEADO,IDDISTRITO,FONOEMPLEADO,IDCARGO,FECCONTRATA,SALARY) VALUES
(5,'Ramirez','Birjoo',to_date('09/01/88','DD/MM/RR'),'Sombrero Arequipeño Socabaya',3,'900352475',3,to_date('29/12/10','DD/MM/RR'),2200.75);
INSERT INTO EMPLEADOS (IDEMPLEADO,APEEMPLEADO,NOMEMPLEADO,FECNAC,DIREEMPLEADO,IDDISTRITO,FONOEMPLEADO,IDCARGO,FECCONTRATA,SALARY) VALUES
(6,'Becerra','Jesus',to_date('10/02/87','DD/MM/RR'),'Cerro Colorado Plaza Americas',3,'999282655',3,to_date('28/01/11','DD/MM/RR'),1600.25);
INSERT INTO EMPLEADOS (IDEMPLEADO,APEEMPLEADO,NOMEMPLEADO,FECNAC,DIREEMPLEADO,IDDISTRITO,FONOEMPLEADO,IDCARGO,FECCONTRATA,SALARY) VALUES
(7,'Meza','Daniel',to_date('11/03/86','DD/MM/RR'),'Pampa de Camarones Huranguillo',4,'954607080',4,to_date('27/01/11','DD/MM/RR'),2400.15);
INSERT INTO EMPLEADOS (IDEMPLEADO,APEEMPLEADO,NOMEMPLEADO,FECNAC,DIREEMPLEADO,IDDISTRITO,FONOEMPLEADO,IDCARGO,FECCONTRATA,SALARY) VALUES
(8,'Velarde','Angel',to_date('12/04/85','DD/MM/RR'),'Mariano Melgar Umachiri',4,'959260679',4,to_date('26/11/12','DD/MM/RR'),1350.65);
INSERT INTO EMPLEADOS (IDEMPLEADO,APEEMPLEADO,NOMEMPLEADO,FECNAC,DIREEMPLEADO,IDDISTRITO,FONOEMPLEADO,IDCARGO,FECCONTRATA,SALARY) VALUES
(9,'Batti','Antonella',to_date('13/05/86','DD/MM/RR'),'Cayma. Urb. Los Angeles',5,'976092197',4,to_date('25/11/12','DD/MM/RR'),2400.35);
INSERT INTO EMPLEADOS (IDEMPLEADO,APEEMPLEADO,NOMEMPLEADO,FECNAC,DIREEMPLEADO,IDDISTRITO,FONOEMPLEADO,IDCARGO,FECCONTRATA,SALARY) VALUES
(10,'Nuñez','Karina',to_date('14/10/84','DD/MM/RR'),'Paucarpata Ministerio Transportes',5,'905853302',4,to_date('15/02/13','DD/MM/RR'),1825.15);
INSERT INTO EMPLEADOS (IDEMPLEADO,APEEMPLEADO,NOMEMPLEADO,FECNAC,DIREEMPLEADO,IDDISTRITO,FONOEMPLEADO,IDCARGO,FECCONTRATA,SALARY) VALUES
(11,'Siancas','Nikole',to_date('15/09/83','DD/MM/RR'),'Hipodromo Socabaya',5,'959455279',3,to_date('14/02/13','DD/MM/RR'),1600.45);
INSERT INTO EMPLEADOS (IDEMPLEADO,APEEMPLEADO,NOMEMPLEADO,FECNAC,DIREEMPLEADO,IDDISTRITO,FONOEMPLEADO,IDCARGO,FECCONTRATA,SALARY) VALUES
(12,'Bellido','Candy',to_date('16/08/85','DD/MM/RR'),'Uruguay Jacobo Hunter',5,'954636447',3,to_date('13/10/14','DD/MM/RR'),2000.35);
INSERT INTO EMPLEADOS (IDEMPLEADO,APEEMPLEADO,NOMEMPLEADO,FECNAC,DIREEMPLEADO,IDDISTRITO,FONOEMPLEADO,IDCARGO,FECCONTRATA,SALARY) VALUES
(13,'Cornejo','Sebastian',to_date('17/07/84','DD/MM/RR'),'Ovalo Vallecito Yanahuara',4,'960517625',2,to_date('12/10/14','DD/MM/RR'),2600.75);
INSERT INTO EMPLEADOS (IDEMPLEADO,APEEMPLEADO,NOMEMPLEADO,FECNAC,DIREEMPLEADO,IDDISTRITO,FONOEMPLEADO,IDCARGO,FECCONTRATA,SALARY) VALUES
(14,'Delgado','Jhon',to_date('18/07/87','DD/MM/RR'),'San Juan de Dios Cercado',4,'940156776',2,to_date('11/03/15','DD/MM/RR'),1450.95);
INSERT INTO EMPLEADOS (IDEMPLEADO,APEEMPLEADO,NOMEMPLEADO,FECNAC,DIREEMPLEADO,IDDISTRITO,FONOEMPLEADO,IDCARGO,FECCONTRATA,SALARY) VALUES
(15,'Bolivar','Elizabeth',to_date('19/11/94','DD/MM/RR'),'Av. Viña del Mar Costa Rica',3,'959808193',1,to_date('10/03/16','DD/MM/RR'),1600.75);

-- Población de la DATA - TABLA: PAISES
SELECT *FROM PAISES;
DESCRIBE PAISES;

INSERT INTO PAISES (IDPAIS, NOMBREPAIS) VALUES ('001','Peru');
INSERT INTO PAISES (IDPAIS, NOMBREPAIS) VALUES ('002','Argentina');
INSERT INTO PAISES (IDPAIS, NOMBREPAIS) VALUES ('003','Chile');
INSERT INTO PAISES (IDPAIS, NOMBREPAIS) VALUES ('004','USA');
INSERT INTO PAISES (IDPAIS, NOMBREPAIS) VALUES ('005','España');
INSERT INTO PAISES (IDPAIS, NOMBREPAIS) VALUES ('006','Colombia');
INSERT INTO PAISES (IDPAIS, NOMBREPAIS) VALUES ('007','Francia');
INSERT INTO PAISES (IDPAIS, NOMBREPAIS) VALUES ('008','China');
INSERT INTO PAISES (IDPAIS, NOMBREPAIS) VALUES ('009','Canada');

-- Población de la DATA - TABLA: PEDIDOSCABECERA
SELECT *FROM PEDIDOSCABECERA;
DESCRIBE PEDIDOSCABECERA;

DELETE FROM PEDIDOSCABECERA WHERE ENVIOPEDIDO = 0;

INSERT INTO PEDIDOSCABECERA (IDPEDIDO,IDCLIENTE,IDEMPLEADO,FECHAPEDIDO,FECHAENTREGA,FECHAENVIO,ENVIOPEDIDO,CANTIDADPEDIDO,DESTINATARIO,DIRDESTINATARIO,CIUDESTINATARIO,REFDESTINATARIO,DEPDESTINATARIO,PAISDESTINARAIO) VALUES 
('10633','JEAAN','4',to_date('08/04/97','DD/MM/RR'),to_date('06/05/97','DD/MM/RR'),to_date('16/04/97','DD/MM/RR'),'1','102','LILA-Supermercado','Carrera 52 con Ave. Bolivar #65-98 Llano Largo','Barquisimeto','Lara','3508','Venezuela');
INSERT INTO PEDIDOSCABECERA (IDPEDIDO,IDCLIENTE,IDEMPLEADO,FECHAPEDIDO,FECHAENTREGA,FECHAENVIO,ENVIOPEDIDO,CANTIDADPEDIDO,DESTINATARIO,DIRDESTINATARIO,CIUDESTINATARIO,REFDESTINATARIO,DEPDESTINATARIO,PAISDESTINARAIO) VALUES 
('10634','FIOAN','6',to_date('09/04/97','DD/MM/RR'),to_date('07/05/97','DD/MM/RR'),to_date('17/04/97','DD/MM/RR'),'1','42','La maison dAsie','1 rue Alsace-Lorraine','Toulouse',' ','31000','Francia');
INSERT INTO PEDIDOSCABECERA (IDPEDIDO,IDCLIENTE,IDEMPLEADO,FECHAPEDIDO,FECHAENTREGA,FECHAENVIO,ENVIOPEDIDO,CANTIDADPEDIDO,DESTINATARIO,DIRDESTINATARIO,CIUDESTINATARIO,REFDESTINATARIO,DEPDESTINATARIO,PAISDESTINARAIO) VALUES 
('10635','LUIFL','9',to_date('09/04/97','DD/MM/RR'),to_date('07/05/97','DD/MM/RR'),to_date('16/04/97','DD/MM/RR'),'1','8','Blauer See Delikatessen','Forsterstr. 57','Mannheim',' ','68306','Alemania');
INSERT INTO PEDIDOSCABECERA (IDPEDIDO,IDCLIENTE,IDEMPLEADO,FECHAPEDIDO,FECHAENTREGA,FECHAENVIO,ENVIOPEDIDO,CANTIDADPEDIDO,DESTINATARIO,DIRDESTINATARIO,CIUDESTINATARIO,REFDESTINATARIO,DEPDESTINATARIO,PAISDESTINARAIO) VALUES 
('10636','MARPI','2',to_date('10/04/97','DD/MM/RR'),to_date('08/05/97','DD/MM/RR'),to_date('29/04/97','DD/MM/RR'),'1','69','Pericles Comidas clasicas','Calle Dr. Jorge Cash 321','Mexico D.F.',' ','05033','Mexico');
INSERT INTO PEDIDOSCABECERA (IDPEDIDO,IDCLIENTE,IDEMPLEADO,FECHAPEDIDO,FECHAENTREGA,FECHAENVIO,ENVIOPEDIDO,CANTIDADPEDIDO,DESTINATARIO,DIRDESTINATARIO,CIUDESTINATARIO,REFDESTINATARIO,DEPDESTINATARIO,PAISDESTINARAIO) VALUES
('10637','DIAVA','6',to_date('11/04/97','DD/MM/RR'),to_date('09/05/97','DD/MM/RR'),to_date('16/04/97','DD/MM/RR'),'1','16','Hungry Owl All-Night Grocers','8 Johnstown Road','Cork','Co. Cork',' ','Irlanda');
INSERT INTO PEDIDOSCABECERA (IDPEDIDO,IDCLIENTE,IDEMPLEADO,FECHAPEDIDO,FECHAENTREGA,FECHAENVIO,ENVIOPEDIDO,CANTIDADPEDIDO,DESTINATARIO,DIRDESTINATARIO,CIUDESTINATARIO,REFDESTINATARIO,DEPDESTINATARIO,PAISDESTINARAIO) VALUES 
('10638','PAOVA','4',to_date('11/04/97','DD/MM/RR'),to_date('09/05/97','DD/MM/RR'),to_date('18/04/97','DD/MM/RR'),'1','59','White Clover Markets','1029 - 12th Ave. S.','Seattle','WA','98124','Estados Unidos');
INSERT INTO PEDIDOSCABECERA (IDPEDIDO,IDCLIENTE,IDEMPLEADO,FECHAPEDIDO,FECHAENTREGA,FECHAENVIO,ENVIOPEDIDO,CANTIDADPEDIDO,DESTINATARIO,DIRDESTINATARIO,CIUDESTINATARIO,REFDESTINATARIO,DEPDESTINATARIO,PAISDESTINARAIO) VALUES 
('10639','MIGLE','3',to_date('14/04/97','DD/MM/RR'),to_date('12/05/97','DD/MM/RR'),to_date('21/04/97','DD/MM/RR'),'1','7','Mère Paillarde','43 rue St. Laurent','Montreal','Quebec','H1J 1C3','Canada');
INSERT INTO PEDIDOSCABECERA (IDPEDIDO,IDCLIENTE,IDEMPLEADO,FECHAPEDIDO,FECHAENTREGA,FECHAENVIO,ENVIOPEDIDO,CANTIDADPEDIDO,DESTINATARIO,DIRDESTINATARIO,CIUDESTINATARIO,REFDESTINATARIO,DEPDESTINATARIO,PAISDESTINARAIO) VALUES
('10640','DANLE','9',to_date('15/04/97','DD/MM/RR'),to_date('13/05/97','DD/MM/RR'),to_date('02/05/97','DD/MM/RR'),'1','21','Königlich Essen','Maubelstr. 90','Brandenburg',' ','14776','Alemania');
INSERT INTO PEDIDOSCABECERA (IDPEDIDO,IDCLIENTE,IDEMPLEADO,FECHAPEDIDO,FECHAENTREGA,FECHAENVIO,ENVIOPEDIDO,CANTIDADPEDIDO,DESTINATARIO,DIRDESTINATARIO,CIUDESTINATARIO,REFDESTINATARIO,DEPDESTINATARIO,PAISDESTINARAIO) VALUES 
('10641','RENDI','7',to_date('15/04/97','DD/MM/RR'),to_date('13/05/97','DD/MM/RR'),to_date('22/04/97','DD/MM/RR'),'1','47','Antonio Moreno Taqueria','Mataderos  2312','Mexico D.F.',' ','05023','Mexico');
INSERT INTO PEDIDOSCABECERA (IDPEDIDO,IDCLIENTE,IDEMPLEADO,FECHAPEDIDO,FECHAENTREGA,FECHAENVIO,ENVIOPEDIDO,CANTIDADPEDIDO,DESTINATARIO,DIRDESTINATARIO,CIUDESTINATARIO,REFDESTINATARIO,DEPDESTINATARIO,PAISDESTINARAIO) VALUES
('10642','SILRU','1',to_date('16/04/97','DD/MM/RR'),to_date('14/05/97','DD/MM/RR'),to_date('13/05/97','DD/MM/RR'),'1','4','Ottilies Käseladen','Mehrheimerstr. 369','Köln',' ','50739','Alemania');
INSERT INTO PEDIDOSCABECERA (IDPEDIDO,IDCLIENTE,IDEMPLEADO,FECHAPEDIDO,FECHAENTREGA,FECHAENVIO,ENVIOPEDIDO,CANTIDADPEDIDO,DESTINATARIO,DIRDESTINATARIO,CIUDESTINATARIO,REFDESTINATARIO,DEPDESTINATARIO,PAISDESTINARAIO) VALUES
('10643','CARAL','4',to_date('17/04/97','DD/MM/RR'),to_date('15/05/97','DD/MM/RR'),to_date('29/04/97','DD/MM/RR'),'1','0','Blauer See Delikatessen','Forsterstr. 57','Mannheim',' ','68306','Alemania');
INSERT INTO PEDIDOSCABECERA (IDPEDIDO,IDCLIENTE,IDEMPLEADO,FECHAPEDIDO,FECHAENTREGA,FECHAENVIO,ENVIOPEDIDO,CANTIDADPEDIDO,DESTINATARIO,DIRDESTINATARIO,CIUDESTINATARIO,REFDESTINATARIO,DEPDESTINATARIO,PAISDESTINARAIO) VALUES 
('10644','FABGO','6',to_date('18/04/97','DD/MM/RR'),to_date('16/05/97','DD/MM/RR'),to_date('28/04/97','DD/MM/RR'),'1','367','Save-a-lot Markets','187 Suffolk Ln.','Boise','ID','83720','Estados Unidos');
INSERT INTO PEDIDOSCABECERA (IDPEDIDO,IDCLIENTE,IDEMPLEADO,FECHAPEDIDO,FECHAENTREGA,FECHAENVIO,ENVIOPEDIDO,CANTIDADPEDIDO,DESTINATARIO,DIRDESTINATARIO,CIUDESTINATARIO,REFDESTINATARIO,DEPDESTINATARIO,PAISDESTINARAIO) VALUES 
('10645','ORIMA','1',to_date('05/01/98','DD/MM/RR'),to_date('02/02/98','DD/MM/RR'),to_date('09/01/98','DD/MM/RR'),'1','47','Ricardo Adocicados','Av. Copacabana, 267','Rio de Janeiro','RJ','02389-890','Brasil');
INSERT INTO PEDIDOSCABECERA (IDPEDIDO,IDCLIENTE,IDEMPLEADO,FECHAPEDIDO,FECHAENTREGA,FECHAENVIO,ENVIOPEDIDO,CANTIDADPEDIDO,DESTINATARIO,DIRDESTINATARIO,CIUDESTINATARIO,REFDESTINATARIO,DEPDESTINATARIO,PAISDESTINARAIO) VALUES 
('10646','EUGNE','3',to_date('05/01/98','DD/MM/RR'),to_date('02/02/98','DD/MM/RR'),to_date('14/01/98','DD/MM/RR'),'1','130','Victuailles en stock','2, rue du Commerce','Lyon',' ','69004','Francia');
INSERT INTO PEDIDOSCABECERA (IDPEDIDO,IDCLIENTE,IDEMPLEADO,FECHAPEDIDO,FECHAENTREGA,FECHAENVIO,ENVIOPEDIDO,CANTIDADPEDIDO,DESTINATARIO,DIRDESTINATARIO,CIUDESTINATARIO,REFDESTINATARIO,DEPDESTINATARIO,PAISDESTINARAIO) VALUES 
('10647','DIEAN','7',to_date('01/08/08','DD/MM/RR'),to_date('29/08/07','DD/MM/RR'),to_date('04/05/98','DD/MM/RR'),'1','44','White Clover Markets','1029 - 12th Ave. S.','Seattle','WA','98124','Estados Unidos');
INSERT INTO PEDIDOSCABECERA (IDPEDIDO,IDCLIENTE,IDEMPLEADO,FECHAPEDIDO,FECHAENTREGA,FECHAENVIO,ENVIOPEDIDO,CANTIDADPEDIDO,DESTINATARIO,DIRDESTINATARIO,CIUDESTINATARIO,REFDESTINATARIO,DEPDESTINATARIO,PAISDESTINARAIO) VALUES 
('10648','JEAAN','1',to_date('04/09/09','DD/MM/RR'),to_date('18/09/07','DD/MM/RR'),to_date('06/05/98','DD/MM/RR'),'1','7','Drachenblut Delikatessen','Walserweg 21','Aachen',' ','52066','Alemania');
INSERT INTO PEDIDOSCABECERA (IDPEDIDO,IDCLIENTE,IDEMPLEADO,FECHAPEDIDO,FECHAENTREGA,FECHAENVIO,ENVIOPEDIDO,CANTIDADPEDIDO,DESTINATARIO,DIRDESTINATARIO,CIUDESTINATARIO,REFDESTINATARIO,DEPDESTINATARIO,PAISDESTINARAIO) VALUES 
('10649','FIOAN','8',to_date('04/09/10','DD/MM/RR'),to_date('01/10/07','DD/MM/RR'),to_date('30/12/99','DD/MM/RR'),'1','81','Queen Cozinha','Alameda dos Canàrios, 891','Sao Paulo','SP','05487-020','Brasil');
INSERT INTO PEDIDOSCABECERA (IDPEDIDO,IDCLIENTE,IDEMPLEADO,FECHAPEDIDO,FECHAENTREGA,FECHAENVIO,ENVIOPEDIDO,CANTIDADPEDIDO,DESTINATARIO,DIRDESTINATARIO,CIUDESTINATARIO,REFDESTINATARIO,DEPDESTINATARIO,PAISDESTINARAIO) VALUES
('10650','LUIFL','1',to_date('04/10/10','DD/MM/RR'),to_date('01/11/07','DD/MM/RR'),to_date('06/05/98','DD/MM/RR'),'1','15','Tortuga Restaurante','Avda. Azteca 123','Mexico D.F.',' ','05033','Mexico');
INSERT INTO PEDIDOSCABECERA (IDPEDIDO,IDCLIENTE,IDEMPLEADO,FECHAPEDIDO,FECHAENTREGA,FECHAENVIO,ENVIOPEDIDO,CANTIDADPEDIDO,DESTINATARIO,DIRDESTINATARIO,CIUDESTINATARIO,REFDESTINATARIO,DEPDESTINATARIO,PAISDESTINARAIO) 
VALUES ('10651','MARPI','2',to_date('05/10/10','DD/MM/RR'),to_date('02/11/07','DD/MM/RR'),to_date('30/12/99','DD/MM/RR'),'1','136','Lehmanns Marktstand','Magazinweg 7','Frankfurt a.M.',' ','60528','Alemania');
INSERT INTO PEDIDOSCABECERA (IDPEDIDO,IDCLIENTE,IDEMPLEADO,FECHAPEDIDO,FECHAENTREGA,FECHAENVIO,ENVIOPEDIDO,CANTIDADPEDIDO,DESTINATARIO,DIRDESTINATARIO,CIUDESTINATARIO,REFDESTINATARIO,DEPDESTINATARIO,PAISDESTINARAIO) VALUES 
('10652','DIAVA','1',to_date('05/10/10','DD/MM/RR'),to_date('02/11/07','DD/MM/RR'),to_date('30/12/99','DD/MM/RR'),'0','0','LILA-Supermercado','Carrera 52 con Ave. Bolivar #65-98 Llano Largo','Barquisimeto','Lara','3508','Venezuela');
INSERT INTO PEDIDOSCABECERA (IDPEDIDO,IDCLIENTE,IDEMPLEADO,FECHAPEDIDO,FECHAENTREGA,FECHAENVIO,ENVIOPEDIDO,CANTIDADPEDIDO,DESTINATARIO,DIRDESTINATARIO,CIUDESTINATARIO,REFDESTINATARIO,DEPDESTINATARIO,PAISDESTINARAIO) VALUES
('10653','PAOVA','4',to_date('05/11/10','DD/MM/RR'),to_date('22/11/07','DD/MM/RR'),to_date('30/12/99','DD/MM/RR'),'0','258','Ernst Handel','Kirchgasse 6','Graz',' ','8010','Austria');
INSERT INTO PEDIDOSCABECERA (IDPEDIDO,IDCLIENTE,IDEMPLEADO,FECHAPEDIDO,FECHAENTREGA,FECHAENVIO,ENVIOPEDIDO,CANTIDADPEDIDO,DESTINATARIO,DIRDESTINATARIO,CIUDESTINATARIO,REFDESTINATARIO,DEPDESTINATARIO,PAISDESTINARAIO) VALUES 
('10654','MIGLE','2',to_date('15/11/10','DD/MM/RR'),to_date('02/12/07','DD/MM/RR'),to_date('30/12/99','DD/MM/RR'),'0','24','Pericles Comidas clasicas','Calle Dr. Jorge Cash 321','Mexico D.F.',' ','05033','Mexico');
INSERT INTO PEDIDOSCABECERA (IDPEDIDO,IDCLIENTE,IDEMPLEADO,FECHAPEDIDO,FECHAENTREGA,FECHAENVIO,ENVIOPEDIDO,CANTIDADPEDIDO,DESTINATARIO,DIRDESTINATARIO,CIUDESTINATARIO,REFDESTINATARIO,DEPDESTINATARIO,PAISDESTINARAIO) VALUES 
('10655','DANLE','7',to_date('16/01/11','DD/MM/RR'),to_date('02/12/07','DD/MM/RR'),to_date('30/12/99','DD/MM/RR'),'0','18','Simons bistro','Vinbæltet 34','Kobenhavn',' ','1734','Dinamarca');
INSERT INTO PEDIDOSCABECERA (IDPEDIDO,IDCLIENTE,IDEMPLEADO,FECHAPEDIDO,FECHAENTREGA,FECHAENVIO,ENVIOPEDIDO,CANTIDADPEDIDO,DESTINATARIO,DIRDESTINATARIO,CIUDESTINATARIO,REFDESTINATARIO,DEPDESTINATARIO,PAISDESTINARAIO) VALUES
('10656','RENDI','8',to_date('16/03/11','DD/MM/RR'),to_date('03/12/07','DD/MM/RR'),to_date('30/12/99','DD/MM/RR'),'0','6','Richter Supermarkt','Starenweg 5','Genève',' ','1204','Suiza');
INSERT INTO PEDIDOSCABECERA (IDPEDIDO,IDCLIENTE,IDEMPLEADO,FECHAPEDIDO,FECHAENTREGA,FECHAENVIO,ENVIOPEDIDO,CANTIDADPEDIDO,DESTINATARIO,DIRDESTINATARIO,CIUDESTINATARIO,REFDESTINATARIO,DEPDESTINATARIO,PAISDESTINARAIO) VALUES 
('10657','SILRU','4',to_date('02/04/11','DD/MM/RR'),to_date('08/12/07','DD/MM/RR'),to_date('30/12/99','DD/MM/RR'),'0','38','Bon app','12, rue des Bouchers','Marseille',' ','13008','Francia');
INSERT INTO PEDIDOSCABECERA (IDPEDIDO,IDCLIENTE,IDEMPLEADO,FECHAPEDIDO,FECHAENTREGA,FECHAENVIO,ENVIOPEDIDO,CANTIDADPEDIDO,DESTINATARIO,DIRDESTINATARIO,CIUDESTINATARIO,REFDESTINATARIO,DEPDESTINATARIO,PAISDESTINARAIO) VALUES 
('10658','CARAL','1',to_date('19/04/11','DD/MM/RR'),to_date('10/12/07','DD/MM/RR'),to_date('30/12/99','DD/MM/RR'),'0','8','Rattlesnake Canyon Grocery','2817 Milton Dr.','Albuquerque','NM','87110','Estados Unidos');
INSERT INTO PEDIDOSCABECERA (IDPEDIDO,IDCLIENTE,IDEMPLEADO,FECHAPEDIDO,FECHAENTREGA,FECHAENVIO,ENVIOPEDIDO,CANTIDADPEDIDO,DESTINATARIO,DIRDESTINATARIO,CIUDESTINATARIO,REFDESTINATARIO,DEPDESTINATARIO,PAISDESTINARAIO) VALUES
('10659','FABGO','1',to_date('26/04/10','DD/MM/RR'),to_date('10/12/07','DD/MM/RR'),to_date('30/12/99','DD/MM/RR'),'0','8','Rattlesnake Canyon Grocery','2817 Milton Dr.','Albuquerque','NM','87110','Estados Unidos');


-- Población de la DATA - TABLA : PEDIDOS DETALLE
SELECT *FROM PEDIDOSDETALLE;
DESCRIBE PEDIDOSDETALLE;

INSERT INTO PEDIDOSDETALLE (IDPEDIDO,IDPRODUCTO,PRECIOUNIDAD,CANTIDAD,DESCUENTO) values ('10633','1','49','80','0,15');
INSERT INTO PEDIDOSDETALLE (IDPEDIDO,IDPRODUCTO,PRECIOUNIDAD,CANTIDAD,DESCUENTO) values ('10634','2','30','35','0');
INSERT INTO PEDIDOSDETALLE (IDPEDIDO,IDPRODUCTO,PRECIOUNIDAD,CANTIDAD,DESCUENTO) values ('10634','3','62','50','0');
INSERT INTO PEDIDOSDETALLE (IDPEDIDO,IDPRODUCTO,PRECIOUNIDAD,CANTIDAD,DESCUENTO) values ('10634','4','53','15','0');
INSERT INTO PEDIDOSDETALLE (IDPEDIDO,IDPRODUCTO,PRECIOUNIDAD,CANTIDAD,DESCUENTO) values ('10634','5','7','2','0');
INSERT INTO PEDIDOSDETALLE (IDPEDIDO,IDPRODUCTO,PRECIOUNIDAD,CANTIDAD,DESCUENTO) values ('10635','6','22','10','0,1');
INSERT INTO PEDIDOSDETALLE (IDPEDIDO,IDPRODUCTO,PRECIOUNIDAD,CANTIDAD,DESCUENTO) values ('10635','7','21','15','0,1');
INSERT INTO PEDIDOSDETALLE (IDPEDIDO,IDPRODUCTO,PRECIOUNIDAD,CANTIDAD,DESCUENTO) values ('10635','8','21','40','0');
INSERT INTO PEDIDOSDETALLE (IDPEDIDO,IDPRODUCTO,PRECIOUNIDAD,CANTIDAD,DESCUENTO) values ('10636','9','22','25','0');
INSERT INTO PEDIDOSDETALLE (IDPEDIDO,IDPRODUCTO,PRECIOUNIDAD,CANTIDAD,DESCUENTO) values ('10636','10','13','6','0');
INSERT INTO PEDIDOSDETALLE (IDPEDIDO,IDPRODUCTO,PRECIOUNIDAD,CANTIDAD,DESCUENTO) values ('10637','11','21','10','0');
INSERT INTO PEDIDOSDETALLE (IDPEDIDO,IDPRODUCTO,PRECIOUNIDAD,CANTIDAD,DESCUENTO) values ('10637','12','16','25','0,05');
INSERT INTO PEDIDOSDETALLE (IDPEDIDO,IDPRODUCTO,PRECIOUNIDAD,CANTIDAD,DESCUENTO) values ('10637','13','38','60','0,05');
INSERT INTO PEDIDOSDETALLE (IDPEDIDO,IDPRODUCTO,PRECIOUNIDAD,CANTIDAD,DESCUENTO) values ('10638','14','9','20','0');
INSERT INTO PEDIDOSDETALLE (IDPEDIDO,IDPRODUCTO,PRECIOUNIDAD,CANTIDAD,DESCUENTO) values ('10638','15','21','21','0');
INSERT INTO PEDIDOSDETALLE (IDPEDIDO,IDPRODUCTO,PRECIOUNIDAD,CANTIDAD,DESCUENTO) values ('10638','16','34','60','0');
INSERT INTO PEDIDOSDETALLE (IDPEDIDO,IDPRODUCTO,PRECIOUNIDAD,CANTIDAD,DESCUENTO) values ('10639','17','62','8','0');
INSERT INTO PEDIDOSDETALLE (IDPEDIDO,IDPRODUCTO,PRECIOUNIDAD,CANTIDAD,DESCUENTO) values ('10640','18','36','20','0,25');
INSERT INTO PEDIDOSDETALLE (IDPEDIDO,IDPRODUCTO,PRECIOUNIDAD,CANTIDAD,DESCUENTO) values ('10640','19','15','15','0,25');
INSERT INTO PEDIDOSDETALLE (IDPEDIDO,IDPRODUCTO,PRECIOUNIDAD,CANTIDAD,DESCUENTO) values ('10641','20','19','50','0');
INSERT INTO PEDIDOSDETALLE (IDPEDIDO,IDPRODUCTO,PRECIOUNIDAD,CANTIDAD,DESCUENTO) values ('10641','21','18','60','0');
INSERT INTO PEDIDOSDETALLE (IDPEDIDO,IDPRODUCTO,PRECIOUNIDAD,CANTIDAD,DESCUENTO) values ('10642','1','10','30','0,2');
INSERT INTO PEDIDOSDETALLE (IDPEDIDO,IDPRODUCTO,PRECIOUNIDAD,CANTIDAD,DESCUENTO) values ('10642','2','28','20','0,2');
INSERT INTO PEDIDOSDETALLE (IDPEDIDO,IDPRODUCTO,PRECIOUNIDAD,CANTIDAD,DESCUENTO) values ('10643','3','45','15','0,25');
INSERT INTO PEDIDOSDETALLE (IDPEDIDO,IDPRODUCTO,PRECIOUNIDAD,CANTIDAD,DESCUENTO) values ('10643','4','18','21','0,25');
INSERT INTO PEDIDOSDETALLE (IDPEDIDO,IDPRODUCTO,PRECIOUNIDAD,CANTIDAD,DESCUENTO) values ('10643','5','12','2','0,25');
INSERT INTO PEDIDOSDETALLE (IDPEDIDO,IDPRODUCTO,PRECIOUNIDAD,CANTIDAD,DESCUENTO) values ('10644','6','62','4','0,1');
INSERT INTO PEDIDOSDETALLE (IDPEDIDO,IDPRODUCTO,PRECIOUNIDAD,CANTIDAD,DESCUENTO) values ('10644','7','46','20','0');
INSERT INTO PEDIDOSDETALLE (IDPEDIDO,IDPRODUCTO,PRECIOUNIDAD,CANTIDAD,DESCUENTO) values ('10644','8','12','21','0,1');
INSERT INTO PEDIDOSDETALLE (IDPEDIDO,IDPRODUCTO,PRECIOUNIDAD,CANTIDAD,DESCUENTO) values ('10645','9','62','20','0');
INSERT INTO PEDIDOSDETALLE (IDPEDIDO,IDPRODUCTO,PRECIOUNIDAD,CANTIDAD,DESCUENTO) values ('10645','10','19','15','0');
INSERT INTO PEDIDOSDETALLE (IDPEDIDO,IDPRODUCTO,PRECIOUNIDAD,CANTIDAD,DESCUENTO) values ('10646','11','18','15','0,25');
INSERT INTO PEDIDOSDETALLE (IDPEDIDO,IDPRODUCTO,PRECIOUNIDAD,CANTIDAD,DESCUENTO) values ('10646','12','31','18','0,25');
INSERT INTO PEDIDOSDETALLE (IDPEDIDO,IDPRODUCTO,PRECIOUNIDAD,CANTIDAD,DESCUENTO) values ('10646','13','21','30','0,25');
INSERT INTO PEDIDOSDETALLE (IDPEDIDO,IDPRODUCTO,PRECIOUNIDAD,CANTIDAD,DESCUENTO) values ('10646','14','13','35','0,25');
INSERT INTO PEDIDOSDETALLE (IDPEDIDO,IDPRODUCTO,PRECIOUNIDAD,CANTIDAD,DESCUENTO) values ('10647','15','9','30','0');
INSERT INTO PEDIDOSDETALLE (IDPEDIDO,IDPRODUCTO,PRECIOUNIDAD,CANTIDAD,DESCUENTO) values ('10647','16','18','20','0');
INSERT INTO PEDIDOSDETALLE (IDPEDIDO,IDPRODUCTO,PRECIOUNIDAD,CANTIDAD,DESCUENTO) values ('10648','17','21','15','0');
INSERT INTO PEDIDOSDETALLE (IDPEDIDO,IDPRODUCTO,PRECIOUNIDAD,CANTIDAD,DESCUENTO) values ('10648','18','4','15','0,15');
INSERT INTO PEDIDOSDETALLE (IDPEDIDO,IDPRODUCTO,PRECIOUNIDAD,CANTIDAD,DESCUENTO) values ('10649','19','45','20','0');
INSERT INTO PEDIDOSDETALLE (IDPEDIDO,IDPRODUCTO,PRECIOUNIDAD,CANTIDAD,DESCUENTO) values ('10649','20','34','15','0');
INSERT INTO PEDIDOSDETALLE (IDPEDIDO,IDPRODUCTO,PRECIOUNIDAD,CANTIDAD,DESCUENTO) values ('10650','21','25','30','0');
INSERT INTO PEDIDOSDETALLE (IDPEDIDO,IDPRODUCTO,PRECIOUNIDAD,CANTIDAD,DESCUENTO) values ('10650','1','32','25','0,05');
INSERT INTO PEDIDOSDETALLE (IDPEDIDO,IDPRODUCTO,PRECIOUNIDAD,CANTIDAD,DESCUENTO) values ('10650','2','7','30','0');
INSERT INTO PEDIDOSDETALLE (IDPEDIDO,IDPRODUCTO,PRECIOUNIDAD,CANTIDAD,DESCUENTO) values ('10651','3','9','12','0,25');
INSERT INTO PEDIDOSDETALLE (IDPEDIDO,IDPRODUCTO,PRECIOUNIDAD,CANTIDAD,DESCUENTO) values ('10651','4','21','20','0,25');
INSERT INTO PEDIDOSDETALLE (IDPEDIDO,IDPRODUCTO,PRECIOUNIDAD,CANTIDAD,DESCUENTO) values ('10652','5','25','2','0,25');
INSERT INTO PEDIDOSDETALLE (IDPEDIDO,IDPRODUCTO,PRECIOUNIDAD,CANTIDAD,DESCUENTO) values ('10652','6','14','20','0');
INSERT INTO PEDIDOSDETALLE (IDPEDIDO,IDPRODUCTO,PRECIOUNIDAD,CANTIDAD,DESCUENTO) values ('10653','7','17','30','0,1');
INSERT INTO PEDIDOSDETALLE (IDPEDIDO,IDPRODUCTO,PRECIOUNIDAD,CANTIDAD,DESCUENTO) values ('10653','8','34','20','0,1');
INSERT INTO PEDIDOSDETALLE (IDPEDIDO,IDPRODUCTO,PRECIOUNIDAD,CANTIDAD,DESCUENTO) values ('10654','9','22','12','0,1');
INSERT INTO PEDIDOSDETALLE (IDPEDIDO,IDPRODUCTO,PRECIOUNIDAD,CANTIDAD,DESCUENTO) values ('10654','10','18','20','0,1');
INSERT INTO PEDIDOSDETALLE (IDPEDIDO,IDPRODUCTO,PRECIOUNIDAD,CANTIDAD,DESCUENTO) values ('10654','11','7','6','0,1');
INSERT INTO PEDIDOSDETALLE (IDPEDIDO,IDPRODUCTO,PRECIOUNIDAD,CANTIDAD,DESCUENTO) values ('10655','12','9','20','0,2');
INSERT INTO PEDIDOSDETALLE (IDPEDIDO,IDPRODUCTO,PRECIOUNIDAD,CANTIDAD,DESCUENTO) values ('10656','13','23','3','0,1');
INSERT INTO PEDIDOSDETALLE (IDPEDIDO,IDPRODUCTO,PRECIOUNIDAD,CANTIDAD,DESCUENTO) values ('10656','14','19','28','0,1');
INSERT INTO PEDIDOSDETALLE (IDPEDIDO,IDPRODUCTO,PRECIOUNIDAD,CANTIDAD,DESCUENTO) values ('10656','15','9','6','0,1');
INSERT INTO PEDIDOSDETALLE (IDPEDIDO,IDPRODUCTO,PRECIOUNIDAD,CANTIDAD,DESCUENTO) values ('10657','16','15','50','0');
INSERT INTO PEDIDOSDETALLE (IDPEDIDO,IDPRODUCTO,PRECIOUNIDAD,CANTIDAD,DESCUENTO) values ('10657','17','9','24','0');
INSERT INTO PEDIDOSDETALLE (IDPEDIDO,IDPRODUCTO,PRECIOUNIDAD,CANTIDAD,DESCUENTO) values ('10657','18','12','45','0');
INSERT INTO PEDIDOSDETALLE (IDPEDIDO,IDPRODUCTO,PRECIOUNIDAD,CANTIDAD,DESCUENTO) values ('10657','19','9','10','0');
INSERT INTO PEDIDOSDETALLE (IDPEDIDO,IDPRODUCTO,PRECIOUNIDAD,CANTIDAD,DESCUENTO) values ('10657','20','38','45','0');
INSERT INTO PEDIDOSDETALLE (IDPEDIDO,IDPRODUCTO,PRECIOUNIDAD,CANTIDAD,DESCUENTO) values ('10657','21','34','30','0');
INSERT INTO PEDIDOSDETALLE (IDPEDIDO,IDPRODUCTO,PRECIOUNIDAD,CANTIDAD,DESCUENTO) values ('10658','21','10','60','0');
INSERT INTO PEDIDOSDETALLE (IDPEDIDO,IDPRODUCTO,PRECIOUNIDAD,CANTIDAD,DESCUENTO) values ('10658','1','18','70','0,05');
INSERT INTO PEDIDOSDETALLE (IDPEDIDO,IDPRODUCTO,PRECIOUNIDAD,CANTIDAD,DESCUENTO) values ('10658','2','34','55','0,05');
INSERT INTO PEDIDOSDETALLE (IDPEDIDO,IDPRODUCTO,PRECIOUNIDAD,CANTIDAD,DESCUENTO) values ('10658','3','13','70','0,05');
INSERT INTO PEDIDOSDETALLE (IDPEDIDO,IDPRODUCTO,PRECIOUNIDAD,CANTIDAD,DESCUENTO) values ('10659','4','12','20','0,05');
INSERT INTO PEDIDOSDETALLE (IDPEDIDO,IDPRODUCTO,PRECIOUNIDAD,CANTIDAD,DESCUENTO) values ('10659','5','18','24','0,05');
INSERT INTO PEDIDOSDETALLE (IDPEDIDO,IDPRODUCTO,PRECIOUNIDAD,CANTIDAD,DESCUENTO) values ('10659','6','15','40','0,05');
INSERT INTO PEDIDOSDETALLE (IDPEDIDO,IDPRODUCTO,PRECIOUNIDAD,CANTIDAD,DESCUENTO) values ('10660','7','81','21','0');
INSERT INTO PEDIDOSDETALLE (IDPEDIDO,IDPRODUCTO,PRECIOUNIDAD,CANTIDAD,DESCUENTO) values ('10661','8','18','3','0,2');
INSERT INTO PEDIDOSDETALLE (IDPEDIDO,IDPRODUCTO,PRECIOUNIDAD,CANTIDAD,DESCUENTO) values ('10661','9','13','49','0,2');
INSERT INTO PEDIDOSDETALLE (IDPEDIDO,IDPRODUCTO,PRECIOUNIDAD,CANTIDAD,DESCUENTO) values ('10662','10','12','10','0');
INSERT INTO PEDIDOSDETALLE (IDPEDIDO,IDPRODUCTO,PRECIOUNIDAD,CANTIDAD,DESCUENTO) values ('10663','11','18','30','0,05');


-- Población de la DATA - TABLA: PRODUCTOS
SELECT *FROM PRODUCTOS;
DESCRIBE PRODUCTOS;

INSERT INTO PRODUCTOS (IDPRODUCTO,NOMPRODUCTO,IDPROVEEDOR,IDCATEGORIA,CANTXUNIDAD,PRECIOUNIDAD,UNIDADESENEXISTENCIA,UNIDADESENPEDIDO) VALUES 
('1','Te Dharamsala','1','1','10 cajas x 20 bolsas','18','39','0');
INSERT INTO PRODUCTOS (IDPRODUCTO,NOMPRODUCTO,IDPROVEEDOR,IDCATEGORIA,CANTXUNIDAD,PRECIOUNIDAD,UNIDADESENEXISTENCIA,UNIDADESENPEDIDO) VALUES 
('2','Cerveza tibetana Barley','2','1','24 - bot. 12 l','19','17','40');
INSERT INTO PRODUCTOS (IDPRODUCTO,NOMPRODUCTO,IDPROVEEDOR,IDCATEGORIA,CANTXUNIDAD,PRECIOUNIDAD,UNIDADESENEXISTENCIA,UNIDADESENPEDIDO) VALUES 
('3','Sirope de regaliz','3','2','12 - bot. 550 ml','10','13','70');
INSERT INTO PRODUCTOS (IDPRODUCTO,NOMPRODUCTO,IDPROVEEDOR,IDCATEGORIA,CANTXUNIDAD,PRECIOUNIDAD,UNIDADESENEXISTENCIA,UNIDADESENPEDIDO) VALUES 
('4','Especias Cajun del chef Anton','4','2','48 - frascos 6 l','22','53','0');
INSERT INTO PRODUCTOS (IDPRODUCTO,NOMPRODUCTO,IDPROVEEDOR,IDCATEGORIA,CANTXUNIDAD,PRECIOUNIDAD,UNIDADESENEXISTENCIA,UNIDADESENPEDIDO) VALUES 
('5','Mezcla Gumbo del chef Anton','5','2','36 cajas','21','0','0');
INSERT INTO PRODUCTOS (IDPRODUCTO,NOMPRODUCTO,IDPROVEEDOR,IDCATEGORIA,CANTXUNIDAD,PRECIOUNIDAD,UNIDADESENEXISTENCIA,UNIDADESENPEDIDO) VALUES
('6','Mermelada de grosellas de la abuela','6','2','12 - frascos 8 l','25','120','0');
INSERT INTO PRODUCTOS (IDPRODUCTO,NOMPRODUCTO,IDPROVEEDOR,IDCATEGORIA,CANTXUNIDAD,PRECIOUNIDAD,UNIDADESENEXISTENCIA,UNIDADESENPEDIDO) VALUES
('7','Peras secas organicas del tio Bob','7','7','12 - paq. 1 kg','30','15','0');
INSERT INTO PRODUCTOS (IDPRODUCTO,NOMPRODUCTO,IDPROVEEDOR,IDCATEGORIA,CANTXUNIDAD,PRECIOUNIDAD,UNIDADESENEXISTENCIA,UNIDADESENPEDIDO) VALUES
('8','Salsa de arandanos Northwoods','8','2','12 - frascos 12 l','40','6','0');
INSERT INTO PRODUCTOS (IDPRODUCTO,NOMPRODUCTO,IDPROVEEDOR,IDCATEGORIA,CANTXUNIDAD,PRECIOUNIDAD,UNIDADESENEXISTENCIA,UNIDADESENPEDIDO) VALUES
('9','Buey Mishi Kobe','9','6','18 - paq. 500 g','97','29','0');
INSERT INTO PRODUCTOS (IDPRODUCTO,NOMPRODUCTO,IDPROVEEDOR,IDCATEGORIA,CANTXUNIDAD,PRECIOUNIDAD,UNIDADESENEXISTENCIA,UNIDADESENPEDIDO) VALUES 
('10','Pez espada','1','8','12 - frascos 200 ml','31','31','0');
INSERT INTO PRODUCTOS (IDPRODUCTO,NOMPRODUCTO,IDPROVEEDOR,IDCATEGORIA,CANTXUNIDAD,PRECIOUNIDAD,UNIDADESENEXISTENCIA,UNIDADESENPEDIDO) VALUES 
('11','Cerveza Laughing Lumberjack','2','1','24 - bot. 12 l','14','52','0');
INSERT INTO PRODUCTOS (IDPRODUCTO,NOMPRODUCTO,IDPROVEEDOR,IDCATEGORIA,CANTXUNIDAD,PRECIOUNIDAD,UNIDADESENEXISTENCIA,UNIDADESENPEDIDO) VALUES 
('12','Barras de pan de Escocia','3','3','10 cajas x 8 porc.','12','6','10');
INSERT INTO PRODUCTOS (IDPRODUCTO,NOMPRODUCTO,IDPROVEEDOR,IDCATEGORIA,CANTXUNIDAD,PRECIOUNIDAD,UNIDADESENEXISTENCIA,UNIDADESENPEDIDO) VALUES
('13','Queso Gudbrandsdals','4','4','paq. 10 kg','36','26','0');
INSERT INTO PRODUCTOS (IDPRODUCTO,NOMPRODUCTO,IDPROVEEDOR,IDCATEGORIA,CANTXUNIDAD,PRECIOUNIDAD,UNIDADESENEXISTENCIA,UNIDADESENPEDIDO) VALUES
('14','Cerveza Outback','5','1','24 - bot. 355 ml','15','15','10');
INSERT INTO PRODUCTOS (IDPRODUCTO,NOMPRODUCTO,IDPROVEEDOR,IDCATEGORIA,CANTXUNIDAD,PRECIOUNIDAD,UNIDADESENEXISTENCIA,UNIDADESENPEDIDO) VALUES 
('15','Crema de queso Fløtemys','6','4','10 - paq. 500 g','21','26','0');
INSERT INTO PRODUCTOS (IDPRODUCTO,NOMPRODUCTO,IDPROVEEDOR,IDCATEGORIA,CANTXUNIDAD,PRECIOUNIDAD,UNIDADESENEXISTENCIA,UNIDADESENPEDIDO) VALUES 
('16','Queso Mozzarella Giovanni','7','4','24 - paq. 200 g','34','14','0');
INSERT INTO PRODUCTOS (IDPRODUCTO,NOMPRODUCTO,IDPROVEEDOR,IDCATEGORIA,CANTXUNIDAD,PRECIOUNIDAD,UNIDADESENEXISTENCIA,UNIDADESENPEDIDO) VALUES
('17','Caviar rojo','8','8','24 - frascos150 g','15','101','0');
INSERT INTO PRODUCTOS (IDPRODUCTO,NOMPRODUCTO,IDPROVEEDOR,IDCATEGORIA,CANTXUNIDAD,PRECIOUNIDAD,UNIDADESENEXISTENCIA,UNIDADESENPEDIDO) VALUES
('18','Queso de soja Longlife','9','7','paq. 5 kg','10','4','20');
INSERT INTO PRODUCTOS (IDPRODUCTO,NOMPRODUCTO,IDPROVEEDOR,IDCATEGORIA,CANTXUNIDAD,PRECIOUNIDAD,UNIDADESENEXISTENCIA,UNIDADESENPEDIDO) VALUES 
('19','Cerveza Klosterbier Rhönbräu','1','1','24 - bot. 0,5 l','7','125','0');
INSERT INTO PRODUCTOS (IDPRODUCTO,NOMPRODUCTO,IDPROVEEDOR,IDCATEGORIA,CANTXUNIDAD,PRECIOUNIDAD,UNIDADESENEXISTENCIA,UNIDADESENPEDIDO) VALUES
('20','Licor Cloudberry','2','1','500 ml','18','57','0');
INSERT INTO PRODUCTOS (IDPRODUCTO,NOMPRODUCTO,IDPROVEEDOR,IDCATEGORIA,CANTXUNIDAD,PRECIOUNIDAD,UNIDADESENEXISTENCIA,UNIDADESENPEDIDO) VALUES 
('21','Salsa verde original Frankfurter','3','2','12 cajas','13','32','0');


-- Población de la DATA - TABLA: PROVEEDORES
SELECT *FROM PROVEEDORES;
DESCRIBE PROVEEDORES;

INSERT INTO PROVEEDORES (IDPROVEEDOR,NOMPROVEEDOR,DIRPROVEEDOR,NOMCONTACTO,CARGOCONTACTO,IDPAIS,FONOPROVEEDOR) VALUES
(1,'Exotic Liquids',	'Charlotte Cooper'	,'Gerente de compras', '	49 Gilbert St.',	'001',	'927559365');	 
INSERT INTO PROVEEDORES (IDPROVEEDOR,NOMPROVEEDOR,DIRPROVEEDOR,NOMCONTACTO,CARGOCONTACTO,IDPAIS,FONOPROVEEDOR) VALUES
(2,	'New Orleans Cajun Delights',	'Shelley Burke',	'Administrador de pedidos',	'P.O. Box 78934',	'004',	'908569339');	 
INSERT INTO PROVEEDORES (IDPROVEEDOR,NOMPROVEEDOR,DIRPROVEEDOR,NOMCONTACTO,CARGOCONTACTO,IDPAIS,FONOPROVEEDOR) VALUES
(3,	'Grandma Kellys Homestead','	Regina Murphy',	'Representante de ventas',	'707 Oxford Rd.',	'005'	,'906766916');
INSERT INTO PROVEEDORES (IDPROVEEDOR,NOMPROVEEDOR,DIRPROVEEDOR,NOMCONTACTO,CARGOCONTACTO,IDPAIS,FONOPROVEEDOR) VALUES
(4,	'Tokyo Traders',	'Yoshi Nagase'	,'Gerente de marketing',	'9-8 Sekimai\r\nMusashino-shi',	'007'	,'973100574');	 
INSERT INTO PROVEEDORES (IDPROVEEDOR,NOMPROVEEDOR,DIRPROVEEDOR,NOMCONTACTO,CARGOCONTACTO,IDPAIS,FONOPROVEEDOR) VALUES
(5,	'Cooperativa de Quesos Las Cabras','	Antonio del Valle Saavedra',	'Administrador de exportaciones','	Calle del Rosal 4',	'009'	,'937345911');	 
INSERT INTO PROVEEDORES (IDPROVEEDOR,NOMPROVEEDOR,DIRPROVEEDOR,NOMCONTACTO,CARGOCONTACTO,IDPAIS,FONOPROVEEDOR) VALUES
(6,	'Mayumis' , 'Mayumi Ohno',	'Representante de marketing',	'92 Setsuko\r\nChuo-ku',	'008'	,'919770307');	 
INSERT INTO PROVEEDORES (IDPROVEEDOR,NOMPROVEEDOR,DIRPROVEEDOR,NOMCONTACTO,CARGOCONTACTO,IDPAIS,FONOPROVEEDOR) VALUES
(7,	'Pavlova, Ltd.','	Ian Devling',	'Gerente de marketing',	'74 Rose St.\r\nMoonie Ponds',	'006'	,'970033249');
INSERT INTO PROVEEDORES (IDPROVEEDOR,NOMPROVEEDOR,DIRPROVEEDOR,NOMCONTACTO,CARGOCONTACTO,IDPAIS,FONOPROVEEDOR) VALUES
(8,	'Specialty Biscuits, Ltd.',	'Peter Wilson',	'Representante de ventas',	'29 Kings Way'	,'003',	'944995910');
INSERT INTO PROVEEDORES (IDPROVEEDOR,NOMPROVEEDOR,DIRPROVEEDOR,NOMCONTACTO,CARGOCONTACTO,IDPAIS,FONOPROVEEDOR) VALUES
(9,	'PB Knäckebröd AB',	'Lars Peterson',	'Agente de ventas',	'Kaloadagatan 13'	,'002',	'906175795');

